COLLEGE NAME,DEPARTMENT,LOCATION,,GPA
KMCT COLLEGE OF ENGINEERING,Computer Science And Engineering,CALICUT,,52.00%
KMCT COLLEGE OF ENGINEERING,Applied Electronics,CALICUT,,49.00%
KMCT COLLEGE OF ENGINEERING,Civil Engineering,CALICUT,,69.00%
KMCT COLLEGE OF ENGINEERING,Electronic and Communication Engineering,CALICUT,,74.00%
KMCT COLLEGE OF ENGINEERING,IT,CALICUT,,72.00%
KMCT COLLEGE OF ENGINEERING,Mechanical Engineering,CALICUT,,49.00%
KMCT COLLEGE OF ENGINEERING,Automobile Engineering,CALICUT,,71.00%
KMCT COLLEGE OF ENGINEERING,Electrical And Electronics Engineering,CALICUT,,79.00%
M-DIT,Mechanical Engineering,CALICUT,,77.00%
M-DIT,Electronics and Communication Engineering,CALICUT,,58.00%
M-DIT,Civil Engineering,CALICUT,,72.00%
M-DIT,Computer Science And Engineering,CALICUT,,70.00%
M-DIT,electronics And Computer Engineering,CALICUT,,70.00%
M-DIT,Electrical And Electronics Engineering,CALICUT,,67.00%
M-DIT,Electrical And Computer Engineering,CALICUT,,44.00%
M-DIT,Cyber security,CALICUT,,45.00%
GOVERNMENT ENGINEERING COLLEGE KOZHIKODE,Computer Science And Design,CALICUT,,74.00%
GOVERNMENT ENGINEERING COLLEGE KOZHIKODE,Chemical Engineering,CALICUT,,72.00%
GOVERNMENT ENGINEERING COLLEGE KOZHIKODE,Electronics and Communication Engineering,CALICUT,,46.00%
GOVERNMENT ENGINEERING COLLEGE KOZHIKODE,Applied Electronics And Instrumentation,CALICUT,,74.00%
GOVERNMENT ENGINEERING COLLEGE KOZHIKODE,Civil Engineering,CALICUT,,46.00%
GOVERNMENT ENGINEERING COLLEGE KOZHIKODE,Mechanical Engineering,CALICUT,,44.00%
KMCT COLLEGE OF ENGINEERING FOR WOMENS,Computer Science And Engineering,CALICUT,,57.00%
KMCT COLLEGE OF ENGINEERING FOR WOMENS,Civil Engineering,CALICUT,,63.00%
KMCT COLLEGE OF ENGINEERING FOR WOMENS,Biomedical Engineering,CALICUT,,71.00%
COLLEGE OF ENGINEERING VADAKARA,Computer Science And Engineering,CALICUT,,51.00%
COLLEGE OF ENGINEERING VADAKARA,Information Technology,CALICUT,,80.00%
COLLEGE OF ENGINEERING VADAKARA,Electrical And Electronics Engineering,CALICUT,,62.00%
COLLEGE OF ENGINEERING VADAKARA,Electronics and Communication Engineering,CALICUT,,43.00%
COLLEGE OF ENGINEERING VADAKARA,Civil Engineering,CALICUT,,59.00%
KMCT INSTITUTE OF EMERGING TECHNOLOGY & MANAGEMENT,Computer Science And Engineering,CALICUT,,70.00%
KMCT INSTITUTE OF EMERGING TECHNOLOGY & MANAGEMENT,Electronics and Communication Engineering,CALICUT,,51.00%
KMCT INSTITUTE OF EMERGING TECHNOLOGY & MANAGEMENT,Cyber security,CALICUT,,69.00%
KMCT INSTITUTE OF EMERGING TECHNOLOGY & MANAGEMENT,Artifical Intelligence & Data Science,CALICUT,,52.00%
NATIONAL INSTITUTE OF TECHNOLOGY,Computer Science And Engineering,CALICUT,,73.00%
NATIONAL INSTITUTE OF TECHNOLOGY,Biotechnology,CALICUT,,41.00%
NATIONAL INSTITUTE OF TECHNOLOGY,Electrical And Electronics Engineering,CALICUT,,56.00%
NATIONAL INSTITUTE OF TECHNOLOGY,Engineering Physics,CALICUT,,56.00%
NATIONAL INSTITUTE OF TECHNOLOGY,Chemical Engineering,CALICUT,,41.00%
NATIONAL INSTITUTE OF TECHNOLOGY,Mechanical Engineering,CALICUT,,61.00%
NATIONAL INSTITUTE OF TECHNOLOGY,Materials Science And Engineering,CALICUT,,67.00%
NATIONAL INSTITUTE OF TECHNOLOGY,Civil Engineering,CALICUT,,66.00%
NATIONAL INSTITUTE OF TECHNOLOGY,Electronics and Communication Engineering,CALICUT,,62.00%
NATIONAL INSTITUTE OF TECHNOLOGY,Production Engineering,CALICUT,,67.00%
AWH ENGINEERING COLLEGE,Electrical And Electronics Engineering,CALICUT,,65.00%
AWH ENGINEERING COLLEGE,Electronics and Communication Engineering,CALICUT,,68.00%
AWH ENGINEERING COLLEGE,Mechanical Engineering,CALICUT,,44.00%
AWH ENGINEERING COLLEGE,Computer Science And Engineering,CALICUT,,51.00%
AWH ENGINEERING COLLEGE,Civil Engineering,CALICUT,,73.00%
VEDAVYASA INSTITUTE OF TECHNOLOGY,Computer Science And Engineering,CALICUT,,67.00%
VEDAVYASA INSTITUTE OF TECHNOLOGY,Biotechnology,CALICUT,,71.00%
VEDAVYASA INSTITUTE OF TECHNOLOGY,Computer Science And Engineering(AI & ML),CALICUT,,80.00%
VEDAVYASA INSTITUTE OF TECHNOLOGY,Applied Electronics And Instrumentation,CALICUT,,76.00%
VEDAVYASA INSTITUTE OF TECHNOLOGY,Mechanical Engineering,CALICUT,,56.00%
VEDAVYASA INSTITUTE OF TECHNOLOGY,Electrical And Electronics Engineering,CALICUT,,58.00%
VEDAVYASA INSTITUTE OF TECHNOLOGY,Electronics and Communication Engineering,CALICUT,,77.00%
VEDAVYASA INSTITUTE OF TECHNOLOGY,Civil Engineering,CALICUT,,65.00%
,,CALICUT,,57.00%
"A.V ABDURAHIMAN ARTS & SCIENCE COLLEGE,KULUPPA",BA FUNCTIONAL ENGLISH,CALICUT,,54.00%
"A.V ABDURAHIMAN ARTS & SCIENCE COLLEGE,KULUPPA",BA TRAVEL & TOURISM MANAGEMENT,CALICUT,,43.00%
"A.V ABDURAHIMAN ARTS & SCIENCE COLLEGE,KULUPPA",BACHELOR OF BUSINESS ADMINISTRATION,CALICUT,,79.00%
"A.V ABDURAHIMAN ARTS & SCIENCE COLLEGE,KULUPPA",B.Sc PHYSICS,CALICUT,,64.00%
"A.V ABDURAHIMAN ARTS & SCIENCE COLLEGE,KULUPPA",B.Sc CHEMISTRY,CALICUT,,55.00%
"A.V ABDURAHIMAN ARTS & SCIENCE COLLEGE,KULUPPA",B.Sc COMPUTER SCIENCE,CALICUT,,79.00%
"A.V ABDURAHIMAN ARTS & SCIENCE COLLEGE,KULUPPA",B.Com CO-OPERATION,CALICUT,,68.00%
"A.V ABDURAHIMAN ARTS & SCIENCE COLLEGE,KULUPPA",B.CoM FINANCE,CALICUT,,46.00%
"AL IRSHAD ARTS & SCIENCE COLLEGE FOR WOMEN,THECHIYAD,KALLURUTTY",BA ENGLISH LANGUAGE & LITERATURE,CALICUT,,69.00%
"AL IRSHAD ARTS & SCIENCE COLLEGE FOR WOMEN,THECHIYAD,KALLURUTTY",BA ECONOMICS,CALICUT,,65.00%
"AL IRSHAD ARTS & SCIENCE COLLEGE FOR WOMEN,THECHIYAD,KALLURUTTY",B.Sc PSYCHOLOGY,CALICUT,,42.00%
"AL IRSHAD ARTS & SCIENCE COLLEGE FOR WOMEN,THECHIYAD,KALLURUTTY",B.Com COMPUTER APPLICATION,CALICUT,,56.00%
"AL-FURQAN ARABIC COLLEGE,NADAPURAM",BA AFSAL-UL-ULAMA,CALICUT,,50.00%
ALPHONSA COLLEGE THIRUVAMBADY,BA ENGLISH LANGUAGE & LITERATURE,CALICUT,,53.00%
ALPHONSA COLLEGE THIRUVAMBADY,BA MASS COMMUNICATION AND JOURNALISM,CALICUT,,49.00%
ALPHONSA COLLEGE THIRUVAMBADY,BACHELOR OF BUSINESS ADMINISTRATION,CALICUT,,62.00%
ALPHONSA COLLEGE THIRUVAMBADY,B.Sc PSYCHOLOGY,CALICUT,,45.00%
ALPHONSA COLLEGE THIRUVAMBADY,B.Com COMPUTER APPLICATION,CALICUT,,42.00%
ALPHONSA COLLEGE THIRUVAMBADY,B.CoM FINANCE,CALICUT,,54.00%
"AWH SPECIAL COLLEGE,KALLAI,CALICUT",B.Sc GEOLOGY,CALICUT,,77.00%
"AWH SPECIAL COLLEGE,KALLAI,CALICUT",B.Sc GENETICS,CALICUT,,43.00%
"AWH SPECIAL COLLEGE,KALLAI,CALICUT",B.Sc COMPUTER SCIENCE,CALICUT,,47.00%
"AWH SPECIAL COLLEGE,KALLAI,CALICUT",B.Sc ELECTRONICS,CALICUT,,62.00%
"BAITHUL IZZA ARABIC COLLEGE,NARIKKUNI",BA AFSAL-UL-ULAMA,CALICUT,,77.00%
"BAITHUL IZZA ARTS & SCIENCE COLLEGE,NARIKKUNI",BA ENGLISH LANGUAGE & LITERATURE,CALICUT,,57.00%
"BAITHUL IZZA ARTS & SCIENCE COLLEGE,NARIKKUNI",BA SOCIOLOGY,CALICUT,,79.00%
"BAITHUL IZZA ARTS & SCIENCE COLLEGE,NARIKKUNI",BA TRAVEL & TOURISM MANAGEMENT,CALICUT,,48.00%
"BAITHUL IZZA ARTS & SCIENCE COLLEGE,NARIKKUNI",BACHELOR OF BUSINESS ADMINISTRATION,CALICUT,,74.00%
"BAITHUL IZZA ARTS & SCIENCE COLLEGE,NARIKKUNI",BA COMPUTER APPLICATION,CALICUT,,47.00%
"BAITHUL IZZA ARTS & SCIENCE COLLEGE,NARIKKUNI",B.Sc ZOOLOGY,CALICUT,,70.00%
"BAITHUL IZZA ARTS & SCIENCE COLLEGE,NARIKKUNI",B.Sc BOTANY,CALICUT,,75.00%
"BAITHUL IZZA ARTS & SCIENCE COLLEGE,NARIKKUNI",B.Com COMPUTER APPLICATION,CALICUT,,77.00%
"BAITHUL IZZA ARTS & SCIENCE COLLEGE,NARIKKUNI",B.CoM FINANCE,CALICUT,,50.00%
"C.K.G MEMORIAL GOVT COLLEGE,PERAMBRA",BA ENGLISH LANGUAGE & LITERATURE,CALICUT,,54.00%
"C.K.G MEMORIAL GOVT COLLEGE,PERAMBRA",BA ECONOMICS,CALICUT,,79.00%
"C.K.G MEMORIAL GOVT COLLEGE,PERAMBRA",BA HISTORY,CALICUT,,53.00%
"C.K.G MEMORIAL GOVT COLLEGE,PERAMBRA",B.Sc PHYSICS,CALICUT,,67.00%
"C.K.G MEMORIAL GOVT COLLEGE,PERAMBRA",B.Sc MATHEMATICS,CALICUT,,61.00%
"C.K.G MEMORIAL GOVT COLLEGE,PERAMBRA",B.CoM FINANCE,CALICUT,,71.00%
CALICUT UNIVERSITY CENTRE FOR COSTUME & FASHION DESIGNING,B.Sc COSTUME & FASHION DESIGNING,CALICUT,,54.00%
CENTRE FOR COMPUTER SCIENCE & INFORMATION TECHNOLOGY,B.Sc INFORMATION TECHNOLOGY,CALICUT,,68.00%
"CHKM GOVT.ARTS & SCIENCE COLLEGE,KODUVALLY",BA ENGLISH LANGUAGE & LITERATURE,CALICUT,,43.00%
"CHKM GOVT.ARTS & SCIENCE COLLEGE,KODUVALLY",BA MALAYALAM LANGUAGE & LITARTURE,CALICUT,,76.00%
"CHKM GOVT.ARTS & SCIENCE COLLEGE,KODUVALLY",B.Sc STATISTICS,CALICUT,,72.00%
"CHKM GOVT.ARTS & SCIENCE COLLEGE,KODUVALLY",B.Com COMPUTER APPLICATION,CALICUT,,59.00%
"CO-OPERATIVE ARTS & SCIENCE COLLEGE KURIKKILAD,VADAKARA",BA ENGLISH LANGUAGE & LITERATURE,CALICUT,,53.00%
"CO-OPERATIVE ARTS & SCIENCE COLLEGE KURIKKILAD,VADAKARA",BA MASS COMMUNICATION AND JOURNALISM,CALICUT,,61.00%
"CO-OPERATIVE ARTS & SCIENCE COLLEGE KURIKKILAD,VADAKARA",BACHELOR OF BUSINESS ADMINISTRATION,CALICUT,,64.00%
"CO-OPERATIVE ARTS & SCIENCE COLLEGE KURIKKILAD,VADAKARA",B.Sc COMPUTER SCIENCE,CALICUT,,65.00%
"CO-OPERATIVE ARTS & SCIENCE COLLEGE KURIKKILAD,VADAKARA",BACHELOR OF SOCIAL WORK,CALICUT,,59.00%
"CO-OPERATIVE ARTS & SCIENCE COLLEGE KURIKKILAD,VADAKARA",B.Com COMPUTER APPLICATION,CALICUT,,78.00%
"COLLEGE OF APPLIED SCIENCE,KALLACHI,NADAPURAM",BACHELOR OF COMPUTER APPLICATION,CALICUT,,56.00%
"COLLEGE OF APPLIED SCIENCE,KALLACHI,NADAPURAM",B.Sc COMPUTER SCIENCE,CALICUT,,67.00%
"COLLEGE OF APPLIED SCIENCE,KALLACHI,NADAPURAM",B.Sc ELECTRONICS,CALICUT,,62.00%
"COLLEGE OF APPLIED SCIENCE,KILIYANAD",BA ENGLISH LANGUAGE & LITERATURE,CALICUT,,46.00%
"COLLEGE OF APPLIED SCIENCE,KILIYANAD",BACHELOR OF BUSINESS ADMINISTRATION,CALICUT,,56.00%
"COLLEGE OF APPLIED SCIENCE,KILIYANAD",BACHELOR OF COMPUTER APPLICATION,CALICUT,,65.00%
"COLLEGE OF APPLIED SCIENCE,KILIYANAD",B.Sc MATHEMATICS,CALICUT,,55.00%
"COLLEGE OF APPLIED SCIENCE,KILIYANAD",B.Sc COMPUTER SCIENCE,CALICUT,,44.00%
"COLLEGE OF APPLIED SCIENCE,KILIYANAD",B.Sc ELECTRONICS,CALICUT,,41.00%
"COLLEGE OF APPLIED SCIENCE,KILIYANAD",B.Com COMPUTER APPLICATION,CALICUT,,65.00%
"COLLEGE OF APPLIED SCIENCE,KORANGAD",BA ENGLISH LANGUAGE & LITERATURE,CALICUT,,76.00%
"COLLEGE OF APPLIED SCIENCE,KORANGAD",BACHELOR OF BUSINESS ADMINISTRATION,CALICUT,,62.00%
"COLLEGE OF APPLIED SCIENCE,KORANGAD",BACHELOR OF COMPUTER APPLICATION,CALICUT,,45.00%
"COLLEGE OF APPLIED SCIENCE,KORANGAD",B.Sc COMPUTER SCIENCE,CALICUT,,74.00%
"COLLEGE OF APPLIED SCIENCE,KORANGAD",B.Com COMPUTER APPLICATION,CALICUT,,64.00%
"COLLEGE OF APPLIED SCIENCE,THIRUVAMPADI",B.Sc COMPUTER SCIENCE,CALICUT,,62.00%
"COLLEGE OF APPLIED SCIENCE,THIRUVAMPADI",B.Sc ELECTRONICS,CALICUT,,68.00%
"COLLEGE OF APPLIED SCIENCE,THIRUVAMPADI",B.Com COMPUTER APPLICATION,CALICUT,,78.00%
"CSI CHRISTIAN MULLER WOMENS COLLEGE,CHOMBALA",BA FUNCTIONAL ENGLISH,CALICUT,,66.00%
"CSI CHRISTIAN MULLER WOMENS COLLEGE,CHOMBALA",BACHELOR OF COMPUTER APPLICATION,CALICUT,,61.00%
"CSI CHRISTIAN MULLER WOMENS COLLEGE,CHOMBALA",B.Sc PSYCHOLOGY,CALICUT,,68.00%
"CSI CHRISTIAN MULLER WOMENS COLLEGE,CHOMBALA",B.CoM FINANCE,CALICUT,,58.00%
"DARUL HUDA ARTS AND SCIENCE COLLEGE,NADAPURAM",B.Sc PHYSICS,CALICUT,,75.00%
"DARUL HUDA ARTS AND SCIENCE COLLEGE,NADAPURAM",B.Sc COMPUTER SCIENCE,CALICUT,,80.00%
"DARUL HUDA ARTS AND SCIENCE COLLEGE,NADAPURAM",B.Sc CHEMISTRY,CALICUT,,64.00%
"DARUL HUDA ARTS AND SCIENCE COLLEGE,NADAPURAM",B.Com COMPUTER APPLICATION,CALICUT,,63.00%
"DARUNNUJOOM COLLEGE OF ARTS & SCIENCE,PERAMRA",BA ENGLISH LANGUAGE & LITERATURE,CALICUT,,60.00%
"DARUNNUJOOM COLLEGE OF ARTS & SCIENCE,PERAMRA",BACHELOR OF BUSINESS ADMINISTRATION,CALICUT,,57.00%
"DARUNNUJOOM COLLEGE OF ARTS & SCIENCE,PERAMRA",B.Sc PSYCHOLOGY,CALICUT,,74.00%
"DARUNNUJOOM COLLEGE OF ARTS & SCIENCE,PERAMRA",B.Sc PHYSICS,CALICUT,,54.00%
"DARUNNUJOOM COLLEGE OF ARTS & SCIENCE,PERAMRA",B.Sc CHEMISTRY,CALICUT,,71.00%
"DARUNNUJOOM COLLEGE OF ARTS & SCIENCE,PERAMRA",B.Com COMPUTER APPLICATION,CALICUT,,42.00%
"DARUL MA-RIFA ARABIC COLLEGE,ODUNGAKAD,PUTHUPADY",BA AFSAL-UL-ULAMA,CALICUT,,52.00%
"DAYAPURAM ARTS & SCIENCE COLLEGE FOR WOMEN,DAYAPURAM",BA ENGLISH LANGUAGE & LITERATURE,CALICUT,,55.00%
"DAYAPURAM ARTS & SCIENCE COLLEGE FOR WOMEN,DAYAPURAM",BA HISTORY,CALICUT,,46.00%
"DAYAPURAM ARTS & SCIENCE COLLEGE FOR WOMEN,DAYAPURAM",BA FUNCTIONAL ENGLISH,CALICUT,,50.00%
"DAYAPURAM ARTS & SCIENCE COLLEGE FOR WOMEN,DAYAPURAM",BACHELOR OF BUSINESS ADMINISTRATION,CALICUT,,64.00%
"DAYAPURAM ARTS & SCIENCE COLLEGE FOR WOMEN,DAYAPURAM",B.Sc PHYSICS,CALICUT,,61.00%
"DAYAPURAM ARTS & SCIENCE COLLEGE FOR WOMEN,DAYAPURAM",B.Sc COMPUTER SCIENCE,CALICUT,,77.00%
"DAYAPURAM ARTS & SCIENCE COLLEGE FOR WOMEN,DAYAPURAM",B.Com COMPUTER APPLICATION,CALICUT,,72.00%
DON BOSCO COLLEGE MAMPETTA MUKKAM,BA ENGLISH LANGUAGE & LITERATURE,CALICUT,,45.00%
DON BOSCO COLLEGE MAMPETTA MUKKAM,BACHELOR OF BUSINESS ADMINISTRATION,CALICUT,,70.00%
DON BOSCO COLLEGE MAMPETTA MUKKAM,BACHELOR OF COMPUTER APPLICATION,CALICUT,,57.00%
DON BOSCO COLLEGE MAMPETTA MUKKAM,B.Com COMPUTER APPLICATION,CALICUT,,44.00%
DR.B.R.AMBEDKAR MEMORIAL GOVT.ARTS & SCIENCE COLLEGE BALUSERRY,BA ECONOMICS WITH DEVELOPMENT ECONOMICS,CALICUT,,64.00%
DR.B.R.AMBEDKAR MEMORIAL GOVT.ARTS & SCIENCE COLLEGE BALUSERRY,B.Sc MATHEMATICS,CALICUT,,79.00%
DR.B.R.AMBEDKAR MEMORIAL GOVT.ARTS & SCIENCE COLLEGE BALUSERRY,B.Com CO-OPERATION,CALICUT,,72.00%
"EDUCOS ARTS & SCIENCE COLLEGE,KUTTIYADI",B.Com COMPUTER APPLICATION,CALICUT,,79.00%
"EDUCOS ARTS & SCIENCE COLLEGE,KUTTIYADI",BA ECONOMICS,CALICUT,,51.00%
"EDUCOS ARTS & SCIENCE COLLEGE,KUTTIYADI",BACHELOR OF BUSINESS ADMINISTRATION,CALICUT,,71.00%
"EDUCOS ARTS & SCIENCE COLLEGE,KUTTIYADI",B.Com CO-OPERATION,CALICUT,,68.00%
"EDUCOS ARTS & SCIENCE COLLEGE,KUTTIYADI",B.Com COMPUTER APPLICATION,CALICUT,,51.00%
"GOLDEN HILLS ARTS & SCIENCE COLLEGE,ELETTIL,VALIYAPARAMBA,KODUVALLY",B.Com COMPUTER APPLICATION,CALICUT,,48.00%
"GOLDEN HILLS ARTS & SCIENCE COLLEGE,ELETTIL,VALIYAPARAMBA,KODUVALLY",B.Com COMPUTER APPLICATION,CALICUT,,46.00%
"GOLDEN HILLS ARTS & SCIENCE COLLEGE,ELETTIL,VALIYAPARAMBA,KODUVALLY",BA POLITICAL ADMINISTRATION,CALICUT,,74.00%
"GOLDEN HILLS ARTS & SCIENCE COLLEGE,ELETTIL,VALIYAPARAMBA,KODUVALLY",B.Sc MATHEMATICS,CALICUT,,72.00%
"GOLDEN HILLS ARTS & SCIENCE COLLEGE,ELETTIL,VALIYAPARAMBA,KODUVALLY",BA PUBLIC ADMINISTRATION,CALICUT,,46.00%
"GOLDEN HILLS ARTS & SCIENCE COLLEGE,ELETTIL,VALIYAPARAMBA,KODUVALLY",B.CoM FINANCE,CALICUT,,52.00%
"GOVT.ARTS & SCIENCE COLLEGE,KUNNAMANGALAM",B.Com COMPUTER APPLICATION,CALICUT,,56.00%
"GOVT.ARTS & SCIENCE COLLEGE,KUNNAMANGALAM",B.Com FINANCE,CALICUT,,62.00%
"GOVT.ARTS & SCIENCE COLLEGE,KUNNAMANGALAM",BA ECONOMICS WITH DEVELOPMENT ECONOMICS,CALICUT,,53.00%
"GOVT.ARTS & SCIENCE COLLEGE,MEENCHANDA",BA ENGLISH LANGUAGE & LITERATURE,CALICUT,,60.00%
"GOVT.ARTS & SCIENCE COLLEGE,MEENCHANDA",BA ECONOMICS,CALICUT,,57.00%
"GOVT.ARTS & SCIENCE COLLEGE,MEENCHANDA",BA HISTORY,CALICUT,,41.00%
"GOVT.ARTS & SCIENCE COLLEGE,MEENCHANDA",ARABIC & HISTORY DOUBLE MAIN,CALICUT,,75.00%
"GOVT.ARTS & SCIENCE COLLEGE,MEENCHANDA",BA MALAYALAM LANGUAGE & LITARTURE,CALICUT,,49.00%
"GOVT.ARTS & SCIENCE COLLEGE,MEENCHANDA",BA HINDI LANGUAGE & LITRATURE,CALICUT,,54.00%
"GOVT.ARTS & SCIENCE COLLEGE,MEENCHANDA",B.Sc ZOOLOGY,CALICUT,,62.00%
"GOVT.ARTS & SCIENCE COLLEGE,MEENCHANDA",B.Sc PHYSICS,CALICUT,,49.00%
"GOVT.ARTS & SCIENCE COLLEGE,MEENCHANDA",B.Sc MATHEMATICS,CALICUT,,55.00%
"GOVT.ARTS & SCIENCE COLLEGE,MEENCHANDA",B.Sc BOTANY,CALICUT,,49.00%
"GOVT.ARTS & SCIENCE COLLEGE,MEENCHANDA",B.Sc CHEMISTRY,CALICUT,,70.00%
"GOVT.ARTS & SCIENCE COLLEGE,MEENCHANDA",B.CoM FINANCE,CALICUT,,61.00%
"GOVT.ARTS & SCIENCE COLLEGE,KODENCHERY",BA ECONOMICS,CALICUT,,44.00%
"GOVT.ARTS & SCIENCE COLLEGE,KODENCHERY",B.Sc ZOOLOGY,CALICUT,,60.00%
"GOVT.ARTS & SCIENCE COLLEGE,KODENCHERY",B.Sc PHYSICS,CALICUT,,73.00%
"GOVT.ARTS & SCIENCE COLLEGE,KODENCHERY",B.Com COMPUTER APPLICATION,CALICUT,,41.00%
"GOVT.ARTS & SCIENCE COLLEGE,MADAPPALLY",BA ENGLISH LANGUAGE & LITERATURE,CALICUT,,61.00%
"GOVT.ARTS & SCIENCE COLLEGE,MADAPPALLY",BA ECONOMICS,CALICUT,,80.00%
"GOVT.ARTS & SCIENCE COLLEGE,MADAPPALLY",BA HISTORY,CALICUT,,47.00%
"GOVT.ARTS & SCIENCE COLLEGE,MADAPPALLY",BA POLITICAL ADMINISTRATION,CALICUT,,64.00%
"GOVT.ARTS & SCIENCE COLLEGE,MADAPPALLY",B.Sc ZOOLOGY,CALICUT,,57.00%
"GOVT.ARTS & SCIENCE COLLEGE,MADAPPALLY",B.Sc PHYSICS,CALICUT,,45.00%
"GOVT.ARTS & SCIENCE COLLEGE,MADAPPALLY",B.Sc MATHEMATICS,CALICUT,,59.00%
"GOVT.ARTS & SCIENCE COLLEGE,MADAPPALLY",B.Sc BOTANY,CALICUT,,63.00%
"GOVT.ARTS & SCIENCE COLLEGE,MADAPPALLY",B.Sc CHEMISTRY,CALICUT,,68.00%
"GOVT.ARTS & SCIENCE COLLEGE,MADAPPALLY",B.CoM FINANCE,CALICUT,,70.00%
"GOVT.ARTS & SCIENCE COLLEGE,MOKERI",BA HISTORY,CALICUT,,62.00%
"GOVT.ARTS & SCIENCE COLLEGE,MOKERI",BA FUNCTIONAL ENGLISH,CALICUT,,78.00%
"GOVT.ARTS & SCIENCE COLLEGE,MOKERI",BACHELOR OF BUSINESS ADMINISTRATION,CALICUT,,53.00%
"GOVT.ARTS & SCIENCE COLLEGE,MOKERI",B.Sc MATHEMATICS,CALICUT,,70.00%
"GOVT.ARTS & SCIENCE COLLEGE,MOKERI",B.Sc CHEMISTRY,CALICUT,,52.00%
"GOVT.ARTS & SCIENCE COLLEGE,MOKERI",BA ECONOMETRICS & DATA MANAGEMENT,CALICUT,,68.00%
"GOVT.ARTS & SCIENCE COLLEGE,NADAPURAM",BA ENGLISH LANGUAGE & LITERATURE,CALICUT,,55.00%
"GOVT.ARTS & SCIENCE COLLEGE,NADAPURAM",BA ECONOMICS,CALICUT,,64.00%
"GOVT.ARTS & SCIENCE COLLEGE,NADAPURAM",B.Sc PSYCHOLOGY,CALICUT,,61.00%
"GOVT.ARTS & SCIENCE COLLEGE,NADAPURAM",B.Sc PHYSICS,CALICUT,,73.00%
"GOVT.ARTS & SCIENCE COLLEGE,NADAPURAM",B.Com COMPUTER APPLICATION,CALICUT,,73.00%
"GURUDEVA COLLEGE OF ADVANCED STUDIES,KOYLANDI",BA ENGLISH LANGUAGE & LITERATURE,CALICUT,,51.00%
"GURUDEVA COLLEGE OF ADVANCED STUDIES,KOYLANDI",BACHELOR OF BUSINESS ADMINISTRATION,CALICUT,,64.00%
"GURUDEVA COLLEGE OF ADVANCED STUDIES,KOYLANDI",BACHELOR OF COMPUTER APPLICATION,CALICUT,,50.00%
"GURUDEVA COLLEGE OF ADVANCED STUDIES,KOYLANDI",B.Sc PSYCHOLOGY,CALICUT,,66.00%
"GURUDEVA COLLEGE OF ADVANCED STUDIES,KOYLANDI",B.Sc BOTANY,CALICUT,,43.00%
"GURUDEVA COLLEGE OF ADVANCED STUDIES,KOYLANDI",B.CoM FINANCE,CALICUT,,75.00%
"HI-TECH ARTS & SCIENCE COLLEGE,VATTOLI",B.Sc BOTANY,CALICUT,,50.00%
"HI-TECH ARTS & SCIENCE COLLEGE,VATTOLI",B.Sc CHEMISTRY,CALICUT,,59.00%
"HI-TECH ARTS & SCIENCE COLLEGE,VATTOLI",B.Sc COMPUTER SCIENCE,CALICUT,,75.00%
"HI-TECH ARTS & SCIENCE COLLEGE,VATTOLI",B.Com COMPUTER APPLICATION,CALICUT,,60.00%
"HI-TECH ARTS & SCIENCE COLLEGE,VATTOLI",B.Com WITH ISLAMIC FINANCE,CALICUT,,61.00%
"HI-TECH ARTS & SCIENCE COLLEGE,VATTOLI",BA ENGLISH LANGUAGE & LITERATURE,CALICUT,,53.00%
"HOLY CROSS INSTITUTE OF MANAGEMENT & TECH,EAST NADAKKAVU",BA ENGLISH LANGUAGE & LITERATURE,CALICUT,,68.00%
"HOLY CROSS INSTITUTE OF MANAGEMENT & TECH,EAST NADAKKAVU",BA ECONOMICS,CALICUT,,64.00%
"HOLY CROSS INSTITUTE OF MANAGEMENT & TECH,EAST NADAKKAVU",BACHELOR OF BUSINESS ADMINISTRATION,CALICUT,,56.00%
"HOLY CROSS INSTITUTE OF MANAGEMENT & TECH,EAST NADAKKAVU",B.Sc COSTUME & FASHION DESIGNING,CALICUT,,58.00%
"HOLY CROSS INSTITUTE OF MANAGEMENT & TECH,EAST NADAKKAVU",B.Sc HOTEL MANAGEMENT & CATERING SCIENCE,CALICUT,,42.00%
"HOLY CROSS INSTITUTE OF MANAGEMENT & TECH,EAST NADAKKAVU",B.Com COMPUTER APPLICATION,CALICUT,,45.00%
"HOLY CROSS INSTITUTE OF MANAGEMENT & TECH,EAST NADAKKAVU",B.CoM FINANCE,CALICUT,,65.00%
"IDEAL COLLEGE OF ARTS & SCIENCE,KUTTIYADI",BA ENGLISH LANGUAGE & LITERATURE,CALICUT,,53.00%
"IDEAL COLLEGE OF ARTS & SCIENCE,KUTTIYADI",BA MASS COMMUNICATION AND JOURNALISM,CALICUT,,41.00%
"IDEAL COLLEGE OF ARTS & SCIENCE,KUTTIYADI",BA ARABIC LANGUAGE & LITERATURE,CALICUT,,55.00%
"IDEAL COLLEGE OF ARTS & SCIENCE,KUTTIYADI",BACHELOR OF BUSINESS ADMINISTRATION,CALICUT,,80.00%
"IDEAL COLLEGE OF ARTS & SCIENCE,KUTTIYADI",B.Sc GEOLOGY,CALICUT,,76.00%
"IDEAL COLLEGE OF ARTS & SCIENCE,KUTTIYADI",B.Com COMPUTER APPLICATION,CALICUT,,59.00%
"ILAHIYA ARTS & SCIENCE COLLEGE,KOYLANDY",BA ENGLISH LANGUAGE & LITERATURE,CALICUT,,42.00%
"ILAHIYA ARTS & SCIENCE COLLEGE,KOYLANDY",BACHELOR OF COMPUTER APPLICATION,CALICUT,,46.00%
"ILAHIYA ARTS & SCIENCE COLLEGE,KOYLANDY",B.Sc PHYSICS,CALICUT,,71.00%
"ILAHIYA ARTS & SCIENCE COLLEGE,KOYLANDY",B.Com COMPUTER APPLICATION,CALICUT,,46.00%
"JALALIYA WOMEN'S ARABIC COLLEGE,KUTTIKKATUR",BA AFSAL-UL-ULAMA,CALICUT,,42.00%
JDT ISLAM COLLEGE OF ARTS & SCIENCE VELIMADUKUNNU,BA ENGLISH LANGUAGE & LITERATURE,CALICUT,,74.00%
JDT ISLAM COLLEGE OF ARTS & SCIENCE VELIMADUKUNNU,BA FUNCTIONAL ENGLISH,CALICUT,,65.00%
JDT ISLAM COLLEGE OF ARTS & SCIENCE VELIMADUKUNNU,BA TRAVEL & TOURISM MANAGEMENT,CALICUT,,41.00%
JDT ISLAM COLLEGE OF ARTS & SCIENCE VELIMADUKUNNU,BACHELOR OF BUSINESS ADMINISTRATION,CALICUT,,78.00%
JDT ISLAM COLLEGE OF ARTS & SCIENCE VELIMADUKUNNU,BACHELOR OF COMPUTER APPLICATION,CALICUT,,45.00%
JDT ISLAM COLLEGE OF ARTS & SCIENCE VELIMADUKUNNU,B.Sc FOOD TECHNOLOGY,CALICUT,,80.00%
JDT ISLAM COLLEGE OF ARTS & SCIENCE VELIMADUKUNNU,B.Sc STATISTICS,CALICUT,,73.00%
JDT ISLAM COLLEGE OF ARTS & SCIENCE VELIMADUKUNNU,B.Sc PSYCHOLOGY,CALICUT,,78.00%
JDT ISLAM COLLEGE OF ARTS & SCIENCE VELIMADUKUNNU,B.Sc MATHEMATICS,CALICUT,,76.00%
JDT ISLAM COLLEGE OF ARTS & SCIENCE VELIMADUKUNNU,B.Sc BIOTECHNOLOGY,CALICUT,,44.00%
JDT ISLAM COLLEGE OF ARTS & SCIENCE VELIMADUKUNNU,B.Sc COMPUTER SCIENCE,CALICUT,,58.00%
JDT ISLAM COLLEGE OF ARTS & SCIENCE VELIMADUKUNNU,B.Sc HOTEL MANAGEMENT & CATERING SCIENCE,CALICUT,,50.00%
JDT ISLAM COLLEGE OF ARTS & SCIENCE VELIMADUKUNNU,BA MULTIMEDIA,CALICUT,,47.00%
JDT ISLAM COLLEGE OF ARTS & SCIENCE VELIMADUKUNNU,B.COM COOPERATION,CALICUT,,77.00%
JDT ISLAM COLLEGE OF ARTS & SCIENCE VELIMADUKUNNU,B.CoM FINANCE,CALICUT,,68.00%
"K.M.O.ARTS & SCIENCE COLLEGE,KODUVALLY",BA ENGLISH LANGUAGE & LITERATURE,CALICUT,,71.00%
"K.M.O.ARTS & SCIENCE COLLEGE,KODUVALLY",BACHELOR OF BUSINESS ADMINISTRATION,CALICUT,,63.00%
"K.M.O.ARTS & SCIENCE COLLEGE,KODUVALLY",BACHELOR OF COMPUTER APPLICATION,CALICUT,,61.00%
"K.M.O.ARTS & SCIENCE COLLEGE,KODUVALLY",B.Sc PHYSICS,CALICUT,,45.00%
"K.M.O.ARTS & SCIENCE COLLEGE,KODUVALLY",B.Sc MATHEMATICS,CALICUT,,56.00%
"K.M.O.ARTS & SCIENCE COLLEGE,KODUVALLY",B.Sc CHEMISTRY,CALICUT,,52.00%
"K.M.O.ARTS & SCIENCE COLLEGE,KODUVALLY",B.Com COMPUTER APPLICATION,CALICUT,,52.00%
"KADATHANAD ARTS & SCIENCE COLLEGE,MANDARATHUR,VADAKARA",BA ENGLISH LANGUAGE & LITERATURE,CALICUT,,73.00%
"KADATHANAD ARTS & SCIENCE COLLEGE,MANDARATHUR,VADAKARA",BACHELOR OF BUSINESS ADMINISTRATION,CALICUT,,51.00%
"KADATHANAD ARTS & SCIENCE COLLEGE,MANDARATHUR,VADAKARA",B.Sc FOOD TECHNOLOGY,CALICUT,,53.00%
"KADATHANAD ARTS & SCIENCE COLLEGE,MANDARATHUR,VADAKARA",B.Sc PSYCHOLOGY,CALICUT,,54.00%
"KADATHANAD ARTS & SCIENCE COLLEGE,MANDARATHUR,VADAKARA",B.Sc CHEMISTRY,CALICUT,,74.00%
"KADATHANAD ARTS & SCIENCE COLLEGE,MANDARATHUR,VADAKARA",B.CoM FINANCE,CALICUT,,70.00%
"KMCT ARTS & SCIENCE COLLEGE,MANASSERY",BA FUNCTIONAL ENGLISH,CALICUT,,65.00%
"KMCT ARTS & SCIENCE COLLEGE,MANASSERY",BACHELOR OF BUSINESS ADMINISTRATION,CALICUT,,56.00%
"KMCT ARTS & SCIENCE COLLEGE,MANASSERY",B.Com COMPUTER APPLICATION,CALICUT,,78.00%
"KMCT ARTS & SCIENCE COLLEGE,MANASSERY",B.CoM FINANCE,CALICUT,,74.00%
"LITTLE FLOWERS INSTITUTE OF SOCIAL SCIENCE & HEALTH,KAITHAPOYIL",BA ENGLISH LANGUAGE & LITERATURE,CALICUT,,59.00%
"LITTLE FLOWERS INSTITUTE OF SOCIAL SCIENCE & HEALTH,KAITHAPOYIL",B.Sc PSYCHOLOGY,CALICUT,,56.00%
"LITTLE FLOWERS INSTITUTE OF SOCIAL SCIENCE & HEALTH,KAITHAPOYIL",B.Sc COMPUTER SCIENCE,CALICUT,,45.00%
"LITTLE FLOWERS INSTITUTE OF SOCIAL SCIENCE & HEALTH,KAITHAPOYIL",BACHELOR OF SOCIAL WORK,CALICUT,,58.00%
M.DASAN ARTS & SCIENCE COLLEGE ULLIYERI,BA ENGLISH LANGUAGE & LITERATURE,CALICUT,,50.00%
M.DASAN ARTS & SCIENCE COLLEGE ULLIYERI,B.Sc PHYSICS,CALICUT,,72.00%
M.DASAN ARTS & SCIENCE COLLEGE ULLIYERI,B.CoM FINANCE,CALICUT,,42.00%
"M.E,S ARTS & SCIENCE COLLEGE,CHATHAMANGALAM",BA ENGLISH LANGUAGE & LITERATURE,CALICUT,,60.00%
"M.E,S ARTS & SCIENCE COLLEGE,CHATHAMANGALAM",BACHELOR OF BUSINESS ADMINISTRATION,CALICUT,,73.00%
"M.E,S ARTS & SCIENCE COLLEGE,CHATHAMANGALAM",BACHELOR OF COMPUTER APPLICATION,CALICUT,,78.00%
"M.E,S ARTS & SCIENCE COLLEGE,CHATHAMANGALAM",BA ECONOMICS,CALICUT,,78.00%
"M.E,S ARTS & SCIENCE COLLEGE,CHATHAMANGALAM",BA HISTORY,CALICUT,,71.00%
"M.E,S ARTS & SCIENCE COLLEGE,CHATHAMANGALAM",B.Sc COSTUME & FASHION DESIGNING,CALICUT,,73.00%
"M.E,S ARTS & SCIENCE COLLEGE,CHATHAMANGALAM",B.Sc PSYCHOLOGY,CALICUT,,41.00%
"M.E,S ARTS & SCIENCE COLLEGE,CHATHAMANGALAM",B.Sc MATHEMATICS,CALICUT,,77.00%
"M.E,S ARTS & SCIENCE COLLEGE,CHATHAMANGALAM",B.Sc COMPUTER SCIENCE,CALICUT,,63.00%
"M.E,S ARTS & SCIENCE COLLEGE,CHATHAMANGALAM",B.Com COMPUTER APPLICATION,CALICUT,,70.00%
M.E.S COLLEGE VADAKARA,BACHELOR OF BUSINESS ADMINISTRATION,CALICUT,,68.00%
M.E.S COLLEGE VADAKARA,BA FUNCTIONAL ENGLISH,CALICUT,,70.00%
M.E.S COLLEGE VADAKARA,BACHELOR OF COMPUTER APPLICATION,CALICUT,,68.00%
M.E.S COLLEGE VADAKARA,BA ECONOMICS,CALICUT,,64.00%
M.E.S COLLEGE VADAKARA,B.Sc MATHEMATICS,CALICUT,,41.00%
M.E.S COLLEGE VADAKARA,B.Sc CHEMISTRY,CALICUT,,55.00%
M.E.S COLLEGE VADAKARA,B.Sc COMPUTER SCIENCE,CALICUT,,59.00%
M.E.S COLLEGE VADAKARA,BACHELOR OF SOCIAL WORK,CALICUT,,67.00%
M.E.S COLLEGE VADAKARA,B.Com COMPUTER APPLICATION,CALICUT,,43.00%
M.E.S COLLEGE VADAKARA,B.CoM FINANCE,CALICUT,,76.00%
"M.E.T COLLEGE OF ARTS & SCIENCE,NADAPURAM",BA ENGLISH LANGUAGE & LITERATURE,CALICUT,,66.00%
"M.E.T COLLEGE OF ARTS & SCIENCE,NADAPURAM",BACHELOR OF BUSINESS ADMINISTRATION,CALICUT,,45.00%
"M.E.T COLLEGE OF ARTS & SCIENCE,NADAPURAM",BACHELOR OF COMPUTER APPLICATION,CALICUT,,78.00%
"M.E.T COLLEGE OF ARTS & SCIENCE,NADAPURAM",BA ECONOMICS,CALICUT,,67.00%
"M.E.T COLLEGE OF ARTS & SCIENCE,NADAPURAM",B.Sc PHYSICS,CALICUT,,49.00%
"M.E.T COLLEGE OF ARTS & SCIENCE,NADAPURAM",B.Sc MATHEMATICS,CALICUT,,43.00%
"M.E.T COLLEGE OF ARTS & SCIENCE,NADAPURAM",B.SC MICROBIOLOGY,CALICUT,,80.00%
"M.E.T COLLEGE OF ARTS & SCIENCE,NADAPURAM",B.Sc BOTANY,CALICUT,,56.00%
"M.E.T COLLEGE OF ARTS & SCIENCE,NADAPURAM",B.Sc CHEMISTRY,CALICUT,,73.00%
"M.E.T COLLEGE OF ARTS & SCIENCE,NADAPURAM",B.Com COMPUTER APPLICATION,CALICUT,,66.00%
"MAHLARA ARTS & SCIENCE COLLEGE FOR WOMEN,MAVOOR",BA ENGLISH LANGUAGE & LITERATURE,CALICUT,,72.00%
"MAHLARA ARTS & SCIENCE COLLEGE FOR WOMEN,MAVOOR",BA ECONOMICS,CALICUT,,59.00%
"MAHLARA ARTS & SCIENCE COLLEGE FOR WOMEN,MAVOOR",B.Sc PHYSICS,CALICUT,,67.00%
"MAHLARA ARTS & SCIENCE COLLEGE FOR WOMEN,MAVOOR",B.CoM FINANCE,CALICUT,,57.00%
"MALABAR ARTS & SCIENCE FOR WOMEN,CHEKKIAD,NADAPURAM",BA ENGLISH LANGUAGE & LITERATURE,CALICUT,,48.00%
"MALABAR ARTS & SCIENCE FOR WOMEN,CHEKKIAD,NADAPURAM",BACHELOR OF BUSINESS ADMINISTRATION,CALICUT,,49.00%
"MALABAR ARTS & SCIENCE FOR WOMEN,CHEKKIAD,NADAPURAM",B.Sc PSYCHOLOGY,CALICUT,,67.00%
"MALABAR ARTS & SCIENCE FOR WOMEN,CHEKKIAD,NADAPURAM",BACHELOR OF SOCIAL WORK,CALICUT,,43.00%
"MALABAR ARTS & SCIENCE FOR WOMEN,CHEKKIAD,NADAPURAM",B.Com COMPUTER APPLICATION,CALICUT,,72.00%
"MALABAR CHRISTIAN COLLEGE,CALICUT",BA FUNCTIONAL ENGLISH,CALICUT,,74.00%
"MALABAR CHRISTIAN COLLEGE,CALICUT",BACHELOR OF BUSINESS ADMINISTRATION,CALICUT,,49.00%
"MALABAR CHRISTIAN COLLEGE,CALICUT",BA FUNCTIONAL ENGLISH,CALICUT,,75.00%
"MALABAR CHRISTIAN COLLEGE,CALICUT",BA ECONOMICS ,CALICUT,,68.00%
"MALABAR CHRISTIAN COLLEGE,CALICUT",BA HISTORY,CALICUT,,56.00%
"MALABAR CHRISTIAN COLLEGE,CALICUT",B.Sc ZOOLOGY,CALICUT,,73.00%
"MALABAR CHRISTIAN COLLEGE,CALICUT",B.Sc PHYSICS,CALICUT,,43.00%
"MALABAR CHRISTIAN COLLEGE,CALICUT",B.Sc MATHEMATICS,CALICUT,,51.00%
"MALABAR CHRISTIAN COLLEGE,CALICUT",B.Sc CHEMISTRY,CALICUT,,58.00%
"MALABAR CHRISTIAN COLLEGE,CALICUT",B.Com COMPUTER APPLICATION,CALICUT,,43.00%
"MALABAR CHRISTIAN COLLEGE,CALICUT",B.CoM FINANCE,CALICUT,,60.00%
"MALABAR COLLEGE OF ARTS & SCIENCE,MOODADI",BA ENGLISH LANGUAGE & LITERATURE,CALICUT,,74.00%
"MALABAR COLLEGE OF ARTS & SCIENCE,MOODADI",BA FUNCTIONAL ENGLISH,CALICUT,,51.00%
"MALABAR COLLEGE OF ARTS & SCIENCE,MOODADI",BACHELOR OF BUSINESS ADMINISTRATION,CALICUT,,54.00%
"MALABAR COLLEGE OF ARTS & SCIENCE,MOODADI",BACHELOR OF COMPUTER APPLICATION,CALICUT,,57.00%
"MALABAR COLLEGE OF ARTS & SCIENCE,MOODADI",B.Sc COMPUTER SCIENCE,CALICUT,,41.00%
"MALABAR COLLEGE OF ARTS & SCIENCE,MOODADI",B.Com COMPUTER APPLICATION,CALICUT,,55.00%
"MALABAR COLLEGE OF ARTS & SCIENCE,MOODADI",B.CoM FINANCE,CALICUT,,75.00%
"MARKAZ COLLEGE OF ARTS & SCIENCE,KUNNAMANGALAM",BA ENGLISH LANGUAGE & LITERATURE,CALICUT,,46.00%
"MARKAZ COLLEGE OF ARTS & SCIENCE,KUNNAMANGALAM",BACHELOR OF BUSINESS ADMINISTRATION,CALICUT,,56.00%
"MARKAZ COLLEGE OF ARTS & SCIENCE,KUNNAMANGALAM",B.Sc PSYCHOLOGY,CALICUT,,77.00%
"MARKAZ COLLEGE OF ARTS & SCIENCE,KUNNAMANGALAM",B.Sc CHEMISTRY,CALICUT,,64.00%
"MARKAZ COLLEGE OF ARTS & SCIENCE,KUNNAMANGALAM",B.Com COMPUTER APPLICATION,CALICUT,,78.00%
"MH COLLEGE OF ARTS & SCIENCE,KUTTIYADY",BA ENGLISH LANGUAGE & LITERATURE,CALICUT,,80.00%
"MH COLLEGE OF ARTS & SCIENCE,KUTTIYADY",BACHELOR OF BUSINESS ADMINISTRATION,CALICUT,,46.00%
"MH COLLEGE OF ARTS & SCIENCE,KUTTIYADY",B.Com COMPUTER APPLICATION,CALICUT,,61.00%
"MHES COLLEGE OF SCIENCE & TECHNOLOGY,VADAKARA",BA ENGLISH LANGUAGE & LITERATURE,CALICUT,,71.00%
"MHES COLLEGE OF SCIENCE & TECHNOLOGY,VADAKARA",BACHELOR OF BUSINESS ADMINISTRATION,CALICUT,,49.00%
"MHES COLLEGE OF SCIENCE & TECHNOLOGY,VADAKARA",B.Sc ZOOLOGY,CALICUT,,55.00%
"MHES COLLEGE OF SCIENCE & TECHNOLOGY,VADAKARA",B.Sc PSYCHOLOGY,CALICUT,,43.00%
"MHES COLLEGE OF SCIENCE & TECHNOLOGY,VADAKARA",B.Sc PHYSICS,CALICUT,,63.00%
"MHES COLLEGE OF SCIENCE & TECHNOLOGY,VADAKARA",B.SC MICROBIOLOGY,CALICUT,,65.00%
"MHES COLLEGE OF SCIENCE & TECHNOLOGY,VADAKARA",B.SC BIOCHEMISTRY,CALICUT,,72.00%
"MHES COLLEGE OF SCIENCE & TECHNOLOGY,VADAKARA",B.Sc COMPUTER SCIENCE,CALICUT,,54.00%
"MHES COLLEGE OF SCIENCE & TECHNOLOGY,VADAKARA",B.Com CO-OPERATION,CALICUT,,49.00%
"MHES COLLEGE OF SCIENCE & TECHNOLOGY,VADAKARA",B.Com COMPUTER APPLICATION,CALICUT,,60.00%
"MHES COLLEGE OF SCIENCE & TECHNOLOGY,VADAKARA",B.CoM FINANCE,CALICUT,,54.00%
"MUHAMMED ABDUL RAHIMAN MEMORIAL ORPHANAGE COLLEGE,MUKKOM",BA ENGLISH LANGUAGE & LITERATURE,CALICUT,,58.00%
"MUHAMMED ABDUL RAHIMAN MEMORIAL ORPHANAGE COLLEGE,MUKKOM",BACHELOR OF BUSINESS ADMINISTRATION,CALICUT,,50.00%
"MUHAMMED ABDUL RAHIMAN MEMORIAL ORPHANAGE COLLEGE,MUKKOM",BA ECONOMICS,CALICUT,,71.00%
"MUHAMMED ABDUL RAHIMAN MEMORIAL ORPHANAGE COLLEGE,MUKKOM",BA HISTORY,CALICUT,,49.00%
"MUHAMMED ABDUL RAHIMAN MEMORIAL ORPHANAGE COLLEGE,MUKKOM",B.SC POLYMER CHEMISTRY,CALICUT,,79.00%
"MUHAMMED ABDUL RAHIMAN MEMORIAL ORPHANAGE COLLEGE,MUKKOM",B.Sc PHYSICS,CALICUT,,49.00%
"MUHAMMED ABDUL RAHIMAN MEMORIAL ORPHANAGE COLLEGE,MUKKOM",B.Sc MATHEMATICS,CALICUT,,43.00%
"MUHAMMED ABDUL RAHIMAN MEMORIAL ORPHANAGE COLLEGE,MUKKOM",B.SC MICROBIOLOGY,CALICUT,,79.00%
"MUHAMMED ABDUL RAHIMAN MEMORIAL ORPHANAGE COLLEGE,MUKKOM",B.Sc COMPUTER SCIENCE,CALICUT,,42.00%
"MUHAMMED ABDUL RAHIMAN MEMORIAL ORPHANAGE COLLEGE,MUKKOM",B.Com COMPUTER APPLICATION,CALICUT,,77.00%
"MUSLIM ORPHANAGES COLLEGE OF ARTS & SCIENCE,PARAMBADAM,CHERUVATTA",BA ENGLISH LANGUAGE & LITERATURE,CALICUT,,64.00%
"MUSLIM ORPHANAGES COLLEGE OF ARTS & SCIENCE,PARAMBADAM,CHERUVATTA",BA SOCIOLOGY,CALICUT,,75.00%
"MUSLIM ORPHANAGES COLLEGE OF ARTS & SCIENCE,PARAMBADAM,CHERUVATTA",B.Com COMPUTER APPLICATION,CALICUT,,63.00%
"MUSLIM ORPHANAGES COLLEGE OF ARTS & SCIENCE,PARAMBADAM,CHERUVATTA",B.CoM FINANCE,CALICUT,,41.00%
"NATIONAL COLLEGE OF ARTS & SCIENCE,PULIYAVU,PARAKKADAVU",BA ENGLISH LANGUAGE & LITERATURE,CALICUT,,77.00%
"NATIONAL COLLEGE OF ARTS & SCIENCE,PULIYAVU,PARAKKADAVU",BACHELOR OF BUSINESS ADMINISTRATION,CALICUT,,52.00%
"NATIONAL COLLEGE OF ARTS & SCIENCE,PULIYAVU,PARAKKADAVU",BACHELOR OF COMPUTER APPLICATION,CALICUT,,79.00%
"NATIONAL COLLEGE OF ARTS & SCIENCE,PULIYAVU,PARAKKADAVU",BA ECONOMICS,CALICUT,,65.00%
"NATIONAL COLLEGE OF ARTS & SCIENCE,PULIYAVU,PARAKKADAVU",B.Sc PHYSICS,CALICUT,,70.00%
"NATIONAL COLLEGE OF ARTS & SCIENCE,PULIYAVU,PARAKKADAVU",B.SC BIOCHEMISTRY,CALICUT,,74.00%
"NATIONAL COLLEGE OF ARTS & SCIENCE,PULIYAVU,PARAKKADAVU",B.Com COMPUTER APPLICATION,CALICUT,,59.00%
"NATIONAL COLLEGE OF ARTS & SCIENCE,PULIYAVU,PARAKKADAVU",B.CoM FINANCE,CALICUT,,62.00%
P V S COLLEGE OF ARTS & SCIENCE PANTHEERANKAVU,BA ENGLISH LANGUAGE & LITERATURE,CALICUT,,59.00%
P V S COLLEGE OF ARTS & SCIENCE PANTHEERANKAVU,B.Sc PHYSICS,CALICUT,,58.00%
P V S COLLEGE OF ARTS & SCIENCE PANTHEERANKAVU,B.Sc MATHEMATICS,CALICUT,,65.00%
P V S COLLEGE OF ARTS & SCIENCE PANTHEERANKAVU,B.Com COMPUTER APPLICATION,CALICUT,,62.00%
P V S COLLEGE OF ARTS & SCIENCE PANTHEERANKAVU,B.CoM FINANCE,CALICUT,,47.00%
"PEEKAY CICS ARTS & SCIENCE COLLEGE,MATHARA",BA ENGLISH LANGUAGE & LITERATURE,CALICUT,,73.00%
"PEEKAY CICS ARTS & SCIENCE COLLEGE,MATHARA",BACHELOR OF BUSINESS ADMINISTRATION,CALICUT,,46.00%
"PEEKAY CICS ARTS & SCIENCE COLLEGE,MATHARA",BACHELOR OF COMPUTER APPLICATION,CALICUT,,61.00%
"PEEKAY CICS ARTS & SCIENCE COLLEGE,MATHARA",B.Sc PSYCHOLOGY,CALICUT,,53.00%
"PEEKAY CICS ARTS & SCIENCE COLLEGE,MATHARA",B.Sc MATHEMATICS,CALICUT,,55.00%
"PEEKAY CICS ARTS & SCIENCE COLLEGE,MATHARA",B.Sc COMPUTER SCIENCE,CALICUT,,71.00%
"PEEKAY CICS ARTS & SCIENCE COLLEGE,MATHARA",B.Com COMPUTER APPLICATION,CALICUT,,66.00%
"PEEKAY CICS ARTS & SCIENCE COLLEGE,MATHARA",B.CoM FINANCE,CALICUT,,79.00%
"PROVIDENCE WOMEN’S COLLEGE,MALAPARAMBA",BA ENGLISH LANGUAGE & LITERATURE,CALICUT,,49.00%
"PROVIDENCE WOMEN’S COLLEGE,MALAPARAMBA",BA ECONOMICS,CALICUT,,74.00%
"PROVIDENCE WOMEN’S COLLEGE,MALAPARAMBA",BA HISTORY,CALICUT,,72.00%
"PROVIDENCE WOMEN’S COLLEGE,MALAPARAMBA",BA TRAVEL & TOURISM MANAGEMENT,CALICUT,,67.00%
"PROVIDENCE WOMEN’S COLLEGE,MALAPARAMBA",BACHELOR OF BUSINESS ADMINISTRATION,CALICUT,,71.00%
"PROVIDENCE WOMEN’S COLLEGE,MALAPARAMBA",B.Sc ZOOLOGY,CALICUT,,42.00%
"PROVIDENCE WOMEN’S COLLEGE,MALAPARAMBA",B.Sc PSYCHOLOGY,CALICUT,,75.00%
"PROVIDENCE WOMEN’S COLLEGE,MALAPARAMBA",B.Sc PHYSICS,CALICUT,,62.00%
"PROVIDENCE WOMEN’S COLLEGE,MALAPARAMBA",B.Sc MATHEMATICS,CALICUT,,76.00%
"PROVIDENCE WOMEN’S COLLEGE,MALAPARAMBA",B.Sc BOTANY,CALICUT,,45.00%
"PROVIDENCE WOMEN’S COLLEGE,MALAPARAMBA",B.Sc CHEMISTRY,CALICUT,,61.00%
"PROVIDENCE WOMEN’S COLLEGE,MALAPARAMBA",B.Sc COMPUTER SCIENCE,CALICUT,,67.00%
"PROVIDENCE WOMEN’S COLLEGE,MALAPARAMBA",B.CoM FINANCE,CALICUT,,46.00%
"PROVIDENCE WOMEN’S COLLEGE,MALAPARAMBA",BA HRM,CALICUT,,57.00%
"R.SANKARA MEMORIAL SNDP YOGAM ARTS & SCIENCE COLLEGE,KOYILANDY",BA ENGLISH LANGUAGE & LITERATURE,CALICUT,,57.00%
"R.SANKARA MEMORIAL SNDP YOGAM ARTS & SCIENCE COLLEGE,KOYILANDY",BACHELOR OF BUSINESS ADMINISTRATION,CALICUT,,54.00%
"R.SANKARA MEMORIAL SNDP YOGAM ARTS & SCIENCE COLLEGE,KOYILANDY",B.Sc PHYSICS,CALICUT,,70.00%
"R.SANKARA MEMORIAL SNDP YOGAM ARTS & SCIENCE COLLEGE,KOYILANDY",B.Sc CHEMISTRY,CALICUT,,45.00%
"R.SANKARA MEMORIAL SNDP YOGAM ARTS & SCIENCE COLLEGE,KOYILANDY",B.Sc COMPUTER SCIENCE,CALICUT,,44.00%
"R.SANKARA MEMORIAL SNDP YOGAM ARTS & SCIENCE COLLEGE,KOYILANDY",B.CoM FINANCE,CALICUT,,79.00%
"RAHMANIYA ARABIC COLLEGE,KATAMERI",BA AFSAL-UL-ULAMA,CALICUT,,48.00%
"RAHMANIYA ARABIC COLLEGE,KATAMERI",BA AFSAL-UL-ULAMA,CALICUT,,62.00%
"ROUZATHUL ULOOM ARABIC COLLEGE,PO FAROOK COLLEGE",BA AFSAL-UL-ULAMA,CALICUT,,64.00%
"ROUZATHUL ULOOM ARABIC COLLEGE,PO FAROOK COLLEGE",BA FUNCTIONAL ENGLISH,CALICUT,,60.00%
"ROUZATHUL ULOOM ARABIC COLLEGE,PO FAROOK COLLEGE",B.Com WITH ISLAMIC FINANCE,CALICUT,,62.00%
"SI WOMENS COLLEGE OF ARTS AND SCIENCE,PARAKKADAVU",BA ENGLISH LANGUAGE & LITERATURE,CALICUT,,80.00%
"SI WOMENS COLLEGE OF ARTS AND SCIENCE,PARAKKADAVU",BA SOCIOLOGY,CALICUT,,59.00%
"SI WOMENS COLLEGE OF ARTS AND SCIENCE,PARAKKADAVU",BACHELOR OF BUSINESS ADMINISTRATION,CALICUT,,69.00%
"SI WOMENS COLLEGE OF ARTS AND SCIENCE,PARAKKADAVU",B.Sc ZOOLOGY,CALICUT,,44.00%
"SI WOMENS COLLEGE OF ARTS AND SCIENCE,PARAKKADAVU",B.Com COMPUTER APPLICATION,CALICUT,,62.00%
"S.M.I ARTS & SCIENCE COLLEGE,KUNHIPPALLY",BA ENGLISH LANGUAGE & LITERATURE,CALICUT,,69.00%
"S.M.I ARTS & SCIENCE COLLEGE,KUNHIPPALLY",BACHELOR OF BUSINESS ADMINISTRATION,CALICUT,,43.00%
"S.M.I ARTS & SCIENCE COLLEGE,KUNHIPPALLY",BACHELOR OF COMPUTER APPLICATION,CALICUT,,71.00%
"SALAFIYYA ARABIC COLLEGE COLLEGE,MEPPAYUR",BA AFSAL-UL-ULAMA,CALICUT,,66.00%
"SAQAFATHUL ISLAM ARABIC COLLEGE,PARAKKADAVU",BA AFSAL-UL-ULAMA,CALICUT,,54.00%
"SAVITHRI DEVI SABOO MEMORIAL WOMEN’S COLLEGE,VELLANUR",BA ENGLISH LANGUAGE & LITERATURE,CALICUT,,74.00%
"SAVITHRI DEVI SABOO MEMORIAL WOMEN’S COLLEGE,VELLANUR",BACHELOR OF BUSINESS ADMINISTRATION,CALICUT,,59.00%
"SAVITHRI DEVI SABOO MEMORIAL WOMEN’S COLLEGE,VELLANUR",B.SC FAMILY & COMMUNITY SCIENCE,CALICUT,,65.00%
"SAVITHRI DEVI SABOO MEMORIAL WOMEN’S COLLEGE,VELLANUR",B.Sc BOTANY,CALICUT,,69.00%
"SAVITHRI DEVI SABOO MEMORIAL WOMEN’S COLLEGE,VELLANUR",B.CoM FINANCE,CALICUT,,60.00%
"SILVER ARTS & SCIENCE COLLEGE,PERAMBRA",BA ENGLISH LANGUAGE & LITERATURE,CALICUT,,73.00%
"SILVER ARTS & SCIENCE COLLEGE,PERAMBRA",BACHELOR OF COMPUTER APPLICATION,CALICUT,,59.00%
"SILVER ARTS & SCIENCE COLLEGE,PERAMBRA",B.Sc FOOD TECHNOLOGY,CALICUT,,41.00%
"SILVER ARTS & SCIENCE COLLEGE,PERAMBRA",B.Sc PSYCHOLOGY,CALICUT,,57.00%
"SILVER ARTS & SCIENCE COLLEGE,PERAMBRA",B.Sc CHEMISTRY,CALICUT,,75.00%
"SILVER ARTS & SCIENCE COLLEGE,PERAMBRA",B.Com COMPUTER APPLICATION,CALICUT,,42.00%
"SNES COLLEGE OF ARTS COMMERCE & MANAGEMENT,KUNNAMANGALAM",BA ENGLISH LANGUAGE & LITERATURE,CALICUT,,47.00%
"SNES COLLEGE OF ARTS COMMERCE & MANAGEMENT,KUNNAMANGALAM",BACHELOR OF BUSINESS ADMINISTRATION,CALICUT,,60.00%
"SNES COLLEGE OF ARTS COMMERCE & MANAGEMENT,KUNNAMANGALAM",BACHELOR OF COMPUTER APPLICATION,CALICUT,,54.00%
"SNES COLLEGE OF ARTS COMMERCE & MANAGEMENT,KUNNAMANGALAM",B.Sc PSYCHOLOGY,CALICUT,,46.00%
"SNES COLLEGE OF ARTS COMMERCE & MANAGEMENT,KUNNAMANGALAM",B.Com COMPUTER APPLICATION,CALICUT,,75.00%
"SNES COLLEGE OF ARTS COMMERCE & MANAGEMENT,KUNNAMANGALAM",B.CoM FINANCE,CALICUT,,70.00%
"SREE GOKULAM ARTS & SCIENCE COLLEGE,KOOTALIDA,BALUSSERY",BA ENGLISH LANGUAGE & LITERATURE,CALICUT,,48.00%
"SREE GOKULAM ARTS & SCIENCE COLLEGE,KOOTALIDA,BALUSSERY",B.Sc GEOLOGY,CALICUT,,42.00%
"SREE GOKULAM ARTS & SCIENCE COLLEGE,KOOTALIDA,BALUSSERY",B.Sc FOOD TECHNOLOGY,CALICUT,,69.00%
"SREE GOKULAM ARTS & SCIENCE COLLEGE,KOOTALIDA,BALUSSERY",B.Sc PHYSICS,CALICUT,,64.00%
"SREE GOKULAM ARTS & SCIENCE COLLEGE,KOOTALIDA,BALUSSERY",B.Sc MATHEMATICS,CALICUT,,61.00%
"SREE GOKULAM ARTS & SCIENCE COLLEGE,KOOTALIDA,BALUSSERY",B.Sc BOTANY,CALICUT,,54.00%
"SREE GOKULAM ARTS & SCIENCE COLLEGE,KOOTALIDA,BALUSSERY",B.Sc CHEMISTRY,CALICUT,,53.00%
"SREE GOKULAM ARTS & SCIENCE COLLEGE,KOOTALIDA,BALUSSERY",B.CoM FINANCE,CALICUT,,77.00%
"SREE NARAYANA COLLEGE,VATAKARA",BA FUNCTIONAL ENGLISH,CALICUT,,51.00%
"SREE NARAYANA COLLEGE,VATAKARA",BACHELOR OF BUSINESS ADMINISTRATION,CALICUT,,51.00%
"SREE NARAYANA COLLEGE,VATAKARA",BACHELOR OF COMPUTER APPLICATION,CALICUT,,52.00%
"SREE NARAYANA COLLEGE,VATAKARA",B.Sc ZOOLOGY,CALICUT,,53.00%
"SREE NARAYANA COLLEGE,VATAKARA",B.Sc STATISTICS,CALICUT,,56.00%
"SREE NARAYANA COLLEGE,VATAKARA",B.Sc PSYCHOLOGY,CALICUT,,46.00%
"SREE NARAYANA COLLEGE,VATAKARA",B.Sc PHYSICS,CALICUT,,50.00%
"SREE NARAYANA COLLEGE,VATAKARA",B.Sc MATHEMATICS,CALICUT,,56.00%
"SREE NARAYANA COLLEGE,VATAKARA",B.Sc BOTANY,CALICUT,,69.00%
"SREE NARAYANA COLLEGE,VATAKARA",B.Sc CHEMISTRY,CALICUT,,75.00%
"SREE NARAYANA COLLEGE,VATAKARA",B.Sc COMPUTER SCIENCE,CALICUT,,72.00%
"SREE NARAYANA COLLEGE,VATAKARA",B.Com COMPUTER APPLICATION,CALICUT,,79.00%
"SREE NARAYANA COLLEGE,VATAKARA",B.CoM FINANCE,CALICUT,,60.00%
"SREE NARAYANA COLLEGE,VATAKARA",B.Com CO-OPERATION,CALICUT,,50.00%
"SREE NARAYANA GURU COLLEGE OF ADVANCED STUDIES,CHELANNUR",BA ENGLISH LANGUAGE & LITERATURE,CALICUT,,77.00%
"SREE NARAYANA GURU COLLEGE OF ADVANCED STUDIES,CHELANNUR",BACHELOR OF BUSINESS ADMINISTRATION,CALICUT,,62.00%
"SREE NARAYANA GURU COLLEGE OF ADVANCED STUDIES,CHELANNUR",B.Sc PHYSICS,CALICUT,,69.00%
"SREE NARAYANA GURU COLLEGE OF ADVANCED STUDIES,CHELANNUR",B.Sc MATHEMATICS,CALICUT,,63.00%
"SREE NARAYANA GURU COLLEGE OF ADVANCED STUDIES,CHELANNUR",B.Sc CHEMISTRY,CALICUT,,64.00%
"SREE NARAYANA GURU COLLEGE OF ADVANCED STUDIES,CHELANNUR",B.Com COMPUTER APPLICATION,CALICUT,,53.00%
"SREE NARAYANA GURU COLLEGE OF ADVANCED STUDIES,CHELANNUR",B.CoM FINANCE,CALICUT,,67.00%
"SREE NARAYANA GURU COLLEGE,CHELANNUR",BA ENGLISH LANGUAGE & LITERATURE,CALICUT,,63.00%
"SREE NARAYANA GURU COLLEGE,CHELANNUR",BA ECONOMICS,CALICUT,,78.00%
"SREE NARAYANA GURU COLLEGE,CHELANNUR",BA MALAYALAM LANGUAGE & LITARTURE,CALICUT,,68.00%
"SREE NARAYANA GURU COLLEGE,CHELANNUR",B.Sc PHYSICS,CALICUT,,46.00%
"SREE NARAYANA GURU COLLEGE,CHELANNUR",B.Sc MATHEMATICS,CALICUT,,41.00%
"SREE NARAYANA GURU COLLEGE,CHELANNUR",B.Sc BOTANY,CALICUT,,60.00%
"SREE NARAYANA GURU COLLEGE,CHELANNUR",B.CoM FINANCE,CALICUT,,44.00%
"ST XAVIERS ARTS & SCIENCE COLLEGE,ERANHIPALAM",BA SOCIOLOGY,CALICUT,,66.00%
"ST XAVIERS ARTS & SCIENCE COLLEGE,ERANHIPALAM",BA FUNCTIONAL ENGLISH,CALICUT,,65.00%
"ST XAVIERS ARTS & SCIENCE COLLEGE,ERANHIPALAM",BACHELOR OF BUSINESS ADMINISTRATION,CALICUT,,74.00%
"ST XAVIERS ARTS & SCIENCE COLLEGE,ERANHIPALAM",BACHELOR OF COMPUTER APPLICATION,CALICUT,,60.00%
"ST XAVIERS ARTS & SCIENCE COLLEGE,ERANHIPALAM",B.Sc PSYCHOLOGY,CALICUT,,57.00%
"ST XAVIERS ARTS & SCIENCE COLLEGE,ERANHIPALAM",B.Sc MATHEMATICS,CALICUT,,65.00%
"ST XAVIERS ARTS & SCIENCE COLLEGE,ERANHIPALAM",B.Com COMPUTER APPLICATION,CALICUT,,46.00%
"SUNNIYA ARABIC COLLEGE,CHENNAMANGALUR",BA AFSAL-UL-ULAMA,CALICUT,,60.00%
"SUNNIYA ARABIC COLLEGE,CHENNAMANGALUR",B.Com WITH ISLAMIC FINANCE,CALICUT,,66.00%
"SYED ABDUL RAHIMAN BAFAKHY THANGAL MEMORIAL GOVT COLLEGE,KOYLANDY",BA HISTORY,CALICUT,,71.00%
"SYED ABDUL RAHIMAN BAFAKHY THANGAL MEMORIAL GOVT COLLEGE,KOYLANDY",B.Sc PHYSICS,CALICUT,,51.00%
"SYED ABDUL RAHIMAN BAFAKHY THANGAL MEMORIAL GOVT COLLEGE,KOYLANDY",B.Sc MATHEMATICS,CALICUT,,44.00%
"SYED ABDUL RAHIMAN BAFAKHY THANGAL MEMORIAL GOVT COLLEGE,KOYLANDY",B.CoM FINANCE,CALICUT,,77.00%
V.K.H.M.O COLLEGE OF ARTS & SCIENCE COLLEGE FOR WOMEN,BA ENGLISH LANGUAGE & LITERATURE,CALICUT,,46.00%
V.K.H.M.O COLLEGE OF ARTS & SCIENCE COLLEGE FOR WOMEN,BA HISTORY,CALICUT,,47.00%
V.K.H.M.O COLLEGE OF ARTS & SCIENCE COLLEGE FOR WOMEN,BACHELOR OF COMPUTER APPLICATION,CALICUT,,69.00%
V.K.H.M.O COLLEGE OF ARTS & SCIENCE COLLEGE FOR WOMEN,B.Com COMPUTER APPLICATION,CALICUT,,51.00%
"ZAMORIANS GURUVAYURAPPAN COLLEGE,CALICUT",BA ENGLISH LANGUAGE & LITERATURE,CALICUT,,54.00%
"ZAMORIANS GURUVAYURAPPAN COLLEGE,CALICUT",BA ECONOMICS,CALICUT,,80.00%
"ZAMORIANS GURUVAYURAPPAN COLLEGE,CALICUT",BA HISTORY,CALICUT,,53.00%
"ZAMORIANS GURUVAYURAPPAN COLLEGE,CALICUT",BA MALAYALAM LANGUAGE & SOCIOLOGY DOUBLE MAIN,CALICUT,,80.00%
"ZAMORIANS GURUVAYURAPPAN COLLEGE,CALICUT",BA HINDI LANGUAGE & SOCIOLOGY DOUBLE MAIN,CALICUT,,51.00%
"ZAMORIANS GURUVAYURAPPAN COLLEGE,CALICUT",BACHELOR OF BUSINESS ADMINISTRATION,CALICUT,,65.00%
"ZAMORIANS GURUVAYURAPPAN COLLEGE,CALICUT",B.Sc ZOOLOGY,CALICUT,,61.00%
"ZAMORIANS GURUVAYURAPPAN COLLEGE,CALICUT",B.Sc PHYSICS,CALICUT,,65.00%
"ZAMORIANS GURUVAYURAPPAN COLLEGE,CALICUT",B.Sc MATHEMATICS,CALICUT,,54.00%
"ZAMORIANS GURUVAYURAPPAN COLLEGE,CALICUT",B.Sc BOTANY,CALICUT,,80.00%
"ZAMORIANS GURUVAYURAPPAN COLLEGE,CALICUT",B.Sc CHEMISTRY,CALICUT,,66.00%
"ZAMORIANS GURUVAYURAPPAN COLLEGE,CALICUT",B.CoM FINANCE,CALICUT,,60.00%